{
  "model_type": "mobilenet",
  "num_classes": 7,
  "best_val_acc": 63.829787234042556,
  "training_config": {
    "learning_rate": 0.001,
    "weight_decay": 0.0001,
    "scheduler_step": 7,
    "scheduler_gamma": 0.1,
    "batch_size": 32,
    "num_epochs": 15,
    "early_stopping_patience": 5,
    "save_best_only": true
  },
  "training_history": {
    "train_loss": [
      1.7555648917737214,
      1.5017854752747908,
      1.3164673836334893,
      1.2079348356827446,
      1.2204302912173064,
      1.1306389907132024,
      1.0530990673148113,
      1.0187850309454876,
      0.8243246830028036,
      0.7041996950688569,
      0.6567166654959969,
      0.5768510634484498,
      0.5839037415773972
    ],
    "train_acc": [
      30.737704918032787,
      41.939890710382514,
      52.185792349726775,
      55.19125683060109,
      53.96174863387978,
      57.10382513661202,
      61.202185792349724,
      63.9344262295082,
      68.5792349726776,
      76.77595628415301,
      74.31693989071039,
      78.55191256830601,
      78.82513661202186
    ],
    "val_loss": [
      2.0535188714663186,
      2.3300313452879586,
      1.3455963532129924,
      1.4069435000419617,
      1.396246423323949,
      1.4249536991119385,
      1.9250035881996155,
      1.1352108120918274,
      1.068216194709142,
      1.0662201344966888,
      1.0772914588451385,
      1.0854922235012054,
      1.0742550392945607
    ],
    "val_acc": [
      38.829787234042556,
      31.914893617021278,
      51.59574468085106,
      47.87234042553192,
      48.40425531914894,
      46.808510638297875,
      44.680851063829785,
      56.38297872340426,
      62.765957446808514,
      61.702127659574465,
      61.702127659574465,
      62.765957446808514,
      63.829787234042556
    ]
  },
  "class_names": [
    "black_kite",
    "brahminy_kite",
    "cormorant",
    "stork",
    "egret",
    "pigeon",
    "crow"
  ],
  "dataset": "airport7"
}