{
  "model_type": "resnet",
  "num_classes": 7,
  "best_val_acc": 46.808510638297875,
  "training_config": {
    "learning_rate": 0.001,
    "weight_decay": 0.0001,
    "scheduler_step": 7,
    "scheduler_gamma": 0.1,
    "batch_size": 32,
    "num_epochs": 15,
    "early_stopping_patience": 5,
    "save_best_only": true
  },
  "training_history": {
    "train_loss": [
      1.947850870049518,
      1.78958319062772,
      1.746482532957326,
      1.7113685711570408,
      1.7258294146993887,
      1.6104828533918962,
      1.5917185648627903,
      1.4949555759844573,
      1.4129265339478203,
      1.3467152170512988,
      1.2985727527867192,
      1.2479596345320991
    ],
    "train_acc": [
      21.44808743169399,
      26.91256830601093,
      27.595628415300546,
      31.284153005464482,
      29.371584699453553,
      36.612021857923494,
      37.295081967213115,
      40.7103825136612,
      43.169398907103826,
      46.994535519125684,
      48.49726775956284,
      52.73224043715847
    ],
    "val_loss": [
      6.570216377576192,
      2.154971500237783,
      2.4636675218741098,
      1.8630344072977703,
      2.1019065578778586,
      1.8493552803993225,
      1.5941838423411052,
      1.465345819791158,
      1.419302761554718,
      1.3947540124257405,
      1.3805130124092102,
      1.3562802076339722
    ],
    "val_acc": [
      24.46808510638298,
      24.46808510638298,
      25.53191489361702,
      26.595744680851062,
      34.04255319148936,
      32.4468085106383,
      28.72340425531915,
      38.829787234042556,
      42.5531914893617,
      44.680851063829785,
      44.148936170212764,
      46.808510638297875
    ]
  },
  "class_names": [
    "black_kite",
    "brahminy_kite",
    "cormorant",
    "stork",
    "egret",
    "pigeon",
    "crow"
  ],
  "dataset": "airport7"
}